name,decription,img
Thác Bản Giốc,Vốn là một trong những thác nước đẹp nhất Việt Nam. Thác Bản Giốc hùng vĩ nằm giữa biên giới Việt Nam và Trung Quốc được tạo nên bởi sự tuôn chảy liên tục của dòng sông Quy Xuân hiền hoà.,img/thacBanGoc.png
Thác Bản Giốc,Thác được được chia làm hai phần, thác chính và thác phụ trông tựa như một bức tranh thiên nhiên tuyệt đẹp. Đến đây du khách không chỉ choáng ngợp say đắm trước sự hùng vĩ bao la của thiên nhiên mà còn bất ngờ trước sự hiếu khách của người dân bản địa. Có thể nói, Thác Bản Giốc thực sự là một điểm đến hấp dẫn của du lịch Việt Nam cho kì nghỉ trọn vẹn bên gia đình và người thân của bạn.,img/thacBanGoc.png
Hang Sơn Đoòng,Hang Sơn Đoòng thuộc quần thể hang động Phong Nha - Kẻ Bàng, tọa lạc tại xã Sơn Trạch, huyện Bố Trạch, tỉnh Quảng Bình nước ta. Theo kinh nghiệm du lịch Việt Nam, hang Sơn Đoòng không chỉ nổi tiếng về kích thước khổng lồ mà còn được biết tới bởi sự đa dạng trong cảnh quan sinh vật. Nó có cả một hệ sinh thái riêng bên trong với sông và rừng. Cho tới nay, đây luôn được coi là hang động tự nhiên lớn nhất thế giới từng được phát hiện cho đến nay.  ,
Hang Sơn Đoòng,Trong hang Sơn Đoòng, các nhà thám hiểm còn phát hiện và bất ngờ với cả một cánh rừng nguyên sinh với thảm thực vật phong phú, chưa hề có dấu vết con người. Các chuyên gia thậm chí đã gọi khu rừng trong hang này là “vườn địa đàng” nhằm tôn vinh vẻ đẹp tuyệt mĩ của hang này. 
Sa Pa,Là vùng đất luôn ẩn chứa biết bao điều kì diệu của cảnh sắc thiên nhiên và nhiều điều huyền diệu về con người. Thị trấn miền núi của tỉnh Lào Cai thu hút những du khách thích tận hưởng không khí trong lành, ngắm thác nước, ruộng bậc thang, khám phá rừng tre và đi bộ leo núi vào mỗi năm. 
Sa Pa,Khung cảnh núi rừng với trăm hoa đua nở, “mây ôm ấp núi, núi ôm mây” chắc chắn sẽ làm nức lòng khách du lịch Việt Nam một khi đã đặt chân đến nơi này. 
Ghềnh đá dĩa,Tại Phú Yên, gành đá dĩa hay còn được biết đến là ghềnh đá dĩa. Vốn dĩ có tên gọi đó là do kết cấu địa chất đặc biệt gồm muôn vàn các hòn đá với đủ loại hình lăng trụ được xếp chồng lên nhau một cách ngay ngắn tựa như có bàn tay của vị thần nào đó sắp đặt, mang đến món quà vô giá cho mảnh đất Phú Yên nói riêng và du lịch Việt Nam nói chung. Bãi đá tại đây thuộc loại đá bazan có màu đen huyền và vàng sáng trải rộng ra biển, nên nhiều người nhìn từ xa còn gọi đây là tổ ông thiên tạo khổng lồ 
Cáp treo Vinpearl Nha Trang,Tuyến cáp treo trên biển kết nối thành phố Nha Trang với đảo Hòn Tre được coi là một điểm nhấn độc đáo của thành phố biển Nha Trang. Với chiều dài tuyến cáp treo vượt biển dài nhất thế giới và chứa được nhiều người nhất trong 1 cabin (khoảng 8 người), công trình vĩ đại này đã trở thành niềm tự hào của người dân địa phương 
Đảo Phú Quốc,Tờ nhật báo hàng đầu nước Ý La Repubblica đã dành nhiều ca từ ngợi khen: "Phú Quốc là thiên đường nhỏ với bãi cát trắng phau chạy dài ôm làn nước biển xanh biếc". Hành trình du lịch Việt Nam không thể không kể đến đảo ngọc Phú Quốc.
Vườn quốc gia Phong Nha-Kẻ Bàng,Phong Nha – Kẻ Bàng được ví như một bảo tàng địa chất khổng lồ có giá trị và mang ý nghĩa toàn cầu của ngành du lịch Việt Nam. Nơi đây, chứa đựng lịch sử phát triển địa chất phức tạp bởi tập hợp rất nhiều loại đá khác nhau, có từ 400 triệu năm trước của trái đất. Trải qua các giai đoạn kiến tạo quan trọng và các pha chuyển động đứt gãy, phối tảng, uốn nếp đã tạo ra các dãy núi trùng điệp và các bồn trầm tích bị sụt lún.  
Vườn quốc gia Phong Nha-Kẻ Bàng,Có thể nói, chính những biến động trên đã góp phần tạo nên sự đa dạng về địa chất, địa hình cũng như  địa mạo của khu bảo tồn này 
Hội An,Tựa như một bức tranh mộc mạc, giản dị và nên thơ, dù là ngày hay đêm, Hội An vẫn mang trong mình những vẻ đẹp lôi cuốn khác nhau khiến cho khu phố cổ này luôn là một điểm nhấn trong ngành du lịch Việt Nam và được UNESCO công nhận là di sản thế giới.   
Cao nguyên đá Đồng Văn,Được UNESCO công nhận là công viên điạ chất toàn cầu, Cao nguyên đá Đồng Văn, tỉnh Hà Giang, nằm ở cực Bắc của Việt Nam, nơi địa đầu Tổ Quốc đã gây ấn tượng với các đỉnh núi đá vôi trên thung lũng xanh mướt nơi có nhiều thắng cảnh thiên nhiên tươi đẹp với những núi đá hiểm trở và hùng vĩ 
Tràng An,Là khu du lịch đẹp nhất Ninh Bình. Ngoài các hang động kỳ ảo, huyền bí, quần thể danh thắng Tràng An còn được xem là điểm thu hút của du lịch Việt Nam với hệ thống sông và hang động tuyệt đẹp, những ngôi làng nhỏ, cánh đồng lúa, các công trình đền chùa và rừng khác nhau. 
Ngô Đồng,Vắt ngang mình giữa hệ thống núi đá vôi xanh rờn. Sông Ngô Đồng là đường thủy duy nhất đưa du khách vào tham quan Tam Cốc - một vùng non nước từng được ví như “Hạ Long trên cạn”, điểm đến du lịch Việt Nam tại tỉnh Ninh Bình. 
Nhà hát lớn Hà Nội,Nhà hát Lớn Hà Nội (Théâtre municipal de Hanoi) là công trình quy mô nhất, lộng lẫy nhất ở Viễn Đông vào đầu thế kỷ XX. Được xây dựng trong thời thuộc địa Pháp từ năm 1901 đến 1911, công trình này được coi là một trong những điểm nhấn kiến trúc của thành phố Hà Nội. Sau gần 110 năm chỉ phục vụ biểu diễn nghệ thuật và các sự kiện quan trọng. Ngày nay, nhà hát lớn ngoài việc trở thành nơi tổ chức các sự kiện âm nhạc còn trở thành địa điểm du lịch Việt Nam thu hút rất đông du khách quốc tế.  
Huế,Huế là xứ sở mộng mơ, là mảnh đất cố đô dù đã trải qua trăm năm nhưng vẫn nguyên vẻ cổ kính, dịu dàng, đắm thắm. Du lịch Việt Nam gắn liền với nhiều di tích xưa cũ, thế nhưng Huế thì lại không. Là trung tâm của dải đất miền Trung, và tỉnh Thừa Thiên – Huế nói riêng. Thành phố Huế còn được thiên nhiên ưu ái khi nằm lọt thỏm giữa muôn vàn cảnh đẹp của biển, sông, núi, đèo… 
Ruộng bậc thang Than Uyên,Những ruộng bậc thang lúa chín vàng óng trải dài khắp các bản làng, thung lũng chắc chắn sẽ là những cảnh quan tuyệt đẹp khiến bạn không thể bỏ qua khi ghé đến vùng núi Tây Bắc. Nhưng có một mùa mà ruộng bậc thang cũng làm say đắm lòng người lữ khách du lịch Việt Nam, đó là mùa nước đổ tạo nên những mảng màu tuyệt đẹp cho Tây Bắc ở vùng thung lũng lớn Than Uyên. 
Ruộng bậc thang Than Uyên,Thiên nhiên đã ban cho vùng đất đai trù phú nơi đây những nét đẹp hoàn hảo nhất, chân thật nhất. Nhưng chính bàn tay khéo léo của con người mới là yếu tố tạo nên điều kỳ diệu của ruộng bậc thang Than Uyên tuyệt đẹp này.  
Làng chai An Bằng,Ngôi làng được coi là “thành phố ma”, với một nghĩa trang rộng 250 ha bao gồm hàng trăm ngôi ngôi mộ gia đình được xây dựng xa hoa. 
Vịnh Hạ Long,Bên cạnh những hoạt động quen thuộc như khám phá hang động, thăm các làng chài trên vịnh… bạn có thể chèo thuyền kayak, ngủ đêm trên du thuyền, ngắm vịnh Hạ Long từ thủy phi cơ hay leo núi chinh phục những vách đá kỳ vĩ …  
Vịnh Hạ Long,Vừa là tuyệt tác nghệ thuật của thiên nhiên khi sở hữu hàng nghìn đảo đá và hang động kỳ thú, và là nơi gắn liền với những giá trị văn hóa, lịch sử hào hùng của dân tộc. Chẳng bàn cãi gì khi sức hấp dẫn của Vịnh Hạ Long luôn được khẳng định rất nhiều lần ở các bảng xếp hạng điểm đến đẹp nhất của du lịch Việt Nam trên thế giới.  
Côn Đảo,Ngày ấy, Côn Đảo thường được nhắc đến như một chốn địa ngục trần gian, là nơi chuyên giam giữ và tra tấn những tù nhân chính trị. Từ hòn đảo biệt lập, đau thương, Côn Đảo ngày nay đã trở mình thành điểm đến du lịch Việt Nam lý tưởng với những bãi biển hoang sơ tuyệt đẹp, những danh thắng kỳ vĩ và hành trình du lịch tâm linh đầy cuốn hút. 
Quốc lộ 4D,Xuất phát từ Pa So (điểm giao với quốc lộ 12, thuộc xã Mường So, huyện Phong Thổ, tỉnh Lai Châu), chạy qua Tam Đường (Phong Thổ, Lai Châu) tới Sa Pa (Lào Cai) qua thành phố Lào Cai, Mường Khương và kết thúc ở cửa khẩu Mường Khương (Lào Cai), chiều dài khoảng 160 km. Trên đường đi có thể tham quan một số địa điểm như: Thác Bạc, đèo Ô Quý Hồ.. 
Nhà thờ Đức Bà Sài Gòn,Vốn là kiệt tác kiến trúc 138 năm tuổi giữa trung tâm quận 1, Sài Gòn. Nhà thờ Đức Bà Sài Gòn là điểm đến quen thuộc không chỉ của giới trẻ đất Sài Thành mà còn là địa điểm nằm trong danh sách ghé thăm đầu tiên của khách du lịch trong và ngoài nước khi lần đầu du lịch Việt Nam. Mang lối kiến trúc cổ và đồ sộ của Pháp, với không gian rộng thoáng từ ngoài vào trong thánh đường, đây cũng được xem là một trong những biểu tượng đặc trưng của Sài Gòn 
Đà Lạt,Đà Lạt được mệnh danh là : thành phố hoa, thành phố tình yêu, thành phố mùa xuân, thành phố sương mù. Và là thành phố yêu kiều với những mảng màu thiên nhiên tuyệt đẹp, và nhiều địa điểm du lịch nổi tiếng. Giới trẻ Việt chắc cũng chẳng còn xa lạ gì với thành phố này, một điểm đế du lịch Việt Nam mà bạn không nên bỏ qua.  